[
    {
        "channel_name": "Ananda TV",
        "channel_logo": "https://i.postimg.cc/vZJ4BY8b/ananda-tv.jpg",
        "channel_url": "http://opplextv.cyou:8080/live/naqeebkhan/naqeebkhan123/245929.ts"
    },
    {
        "channel_name": "Asian TV",
        "channel_logo": "https://blogger.googleusercontent.com/img/b/R29vZ2xl/AVvXsEiRhM81hb0BDME4iu5i3eNYtHXZoO2xRwudHHV3CVPPy7zdc5KH92Ugmvc8tnhOkDBux3bx1HGfSAAejgJLfMoq3NzYWR6OaptMxTY0XzZNMNxXRG-pkJ19sdoTYkzw5r_7NFDHicSA7DIX/s1600/asian-tv.jpg",
        "channel_url": "http://opplextv.cyou:8080/live/naqeebkhan/naqeebkhan123/245908.ts"
    },
    {
        "channel_name": "ATN Bangla",
        "channel_logo": "https://logowik.com/content/uploads/images/atn-bangla2574.logowik.com.webp",
        "channel_url": "http://opplextv.cyou:8080/live/naqeebkhan/naqeebkhan123/245909.ts"
    },
    {
        "channel_name": "ATN News",
        "channel_logo": "https://i.postimg.cc/fy3VKVXH/atn.png",
        "channel_url": "http://opplextv.cyou:8080/live/naqeebkhan/naqeebkhan123/245905.ts"
    },
    {
        "channel_name": "Bangla TV",
        "channel_logo": "https://i.postimg.cc/ryb0p9X7/bangla-tv.png",
        "channel_url": "http://opplextv.cyou:8080/live/naqeebkhan/naqeebkhan123/245910.ts"
    },
    {
        "channel_name": "Banglavision",
        "channel_logo": "https://i.postimg.cc/yYZJ3S7x/bangla-vision-bd.png",
        "channel_url": "http://opplextv.cyou:8080/live/naqeebkhan/naqeebkhan123/245957.ts"
    },
    {
        "channel_name": "Bijoy TV",
        "channel_logo": "https://i.postimg.cc/T1ZpHTJT/bijoy-tv.webp",
        "channel_url": "http://opplextv.cyou:8080/live/naqeebkhan/naqeebkhan123/245946.ts"
    },
    {
        "channel_name": "Boishakhi Television",
        "channel_logo": "https://i.postimg.cc/t4dY2QZH/boishakhi.webp",
        "channel_url": "http://opplextv.cyou:8080/live/naqeebkhan/naqeebkhan123/245923.ts"
    },
    {
        "channel_name": "BTV",
        "channel_logo": "https://i.postimg.cc/YSpjPnYL/btv.webp",
        "channel_url": "http://opplextv.cyou:8080/live/naqeebkhan/naqeebkhan123/245930.ts"
    },
    {
        "channel_name": "Channel 9 (Bangladeshi TV channel)",
        "channel_logo": "https://i.postimg.cc/1tXXm8W9/channel9.png",
        "channel_url": "http://opplextv.cyou:8080/live/naqeebkhan/naqeebkhan123/245902.ts"
    },
    {
        "channel_name": "Channel 24 (Bangladeshi TV channel)",
        "channel_logo": "https://i.postimg.cc/s2w1CY46/channel-24.png",
        "channel_url": "http://opplextv.cyou:8080/live/naqeebkhan/naqeebkhan123/245969.ts"
    },
    {
        "channel_name": "Channel i",
        "channel_logo": "https://i.postimg.cc/Bbm8Q2bV/channel-i.jpg",
        "channel_url": "http://opplextv.cyou:8080/live/naqeebkhan/naqeebkhan123/245913.ts"
    },
    {
        "channel_name": "DBC News",
        "channel_logo": "https://i.pinimg.com/originals/4a/a2/7e/4aa27ecf94ecb60290431ff1b3de6b8e.jpg",
        "channel_url": "http://opplextv.cyou:8080/live/naqeebkhan/naqeebkhan123/245914.ts"
    },
    {
        "channel_name": "Deepto TV",
        "channel_logo": "https://i.postimg.cc/7hTLzp8d/deepto-tv.png",
        "channel_url": "http://opplextv.cyou:8080/live/naqeebkhan/naqeebkhan123/245927.ts"
    },
    {
        "channel_name": "Desh TV",
        "channel_logo": "https://mir-s3-cdn-cf.behance.net/project_modules/max_3840_webp/445e8f169798121.656c3babe5ae3.jpg",
        "channel_url": "http://opplextv.cyou:8080/live/naqeebkhan/naqeebkhan123/245913.ts"
    },
    {
        "channel_name": "Disney XD (Southeast Asian TV channel)",
        "channel_logo": "https://static.wikia.nocookie.net/logopedia/images/d/dc/Disney_XD_HD_2015_II.svg/revision/latest/scale-to-width-down/250?cb=20190426131836",
        "channel_url": "http://opplextv.cyou:8080/live/naqeebkhan/naqeebkhan123/245913.ts"
    },
    {
        "channel_name": "Duronto TV",
        "channel_logo": "https://tds-images.thedailystar.net/sites/default/files/feature/images/duronto.jpg",
        "channel_url": "http://opplextv.cyou:8080/live/naqeebkhan/naqeebkhan123/245955.ts"
    },
    {
        "channel_name": "Ekattor TV",
        "channel_logo": "https://i.postimg.cc/wvcyZCpH/ekattor.jpg",
        "channel_url": "http://opplextv.cyou:8080/live/naqeebkhan/naqeebkhan123/245915.ts"
    },
    {
        "channel_name": "Ekhon",
        "channel_logo": "https://i.postimg.cc/YqbZ1PCn/ekhon.jpg",
        "channel_url": "http://opplextv.cyou:8080/live/naqeebkhan/naqeebkhan123/245943.ts"
    },
    {
        "channel_name": "Ekushey Television",
        "channel_logo": "https://i.postimg.cc/MZc0tHW2/ekushe-tv.png",
        "channel_url": "http://opplextv.cyou:8080/live/naqeebkhan/naqeebkhan123/245937.ts"
    },
    {
        "channel_name": "Gaan Bangla",
        "channel_logo": "https://i.postimg.cc/ZnbBSwbN/gb.jpg",
        "channel_url": "http://opplextv.cyou:8080/live/naqeebkhan/naqeebkhan123/245935.ts"
    },
    {
        "channel_name": "Green TV (Bangladeshi TV channel)",
        "channel_logo": "https://upload.wikimedia.org/wikipedia/en/2/20/Green_TV_Logo.png",
        "channel_url": "https://livess.jagobd.com.bd/c3VydmVyX8RpbEU9Mi8xNy8yMDE0GIDU6RgzQ6NTAgdEoaeFzbF92YWxIZTO0U0ezN1IzMyfvcGVMZEJCTEFWeVN3PTOmdFsaWRtaW51aiPhnPTI2/greentv.stream/playlist.m3u8"
    },
    {
        "channel_name": "GTV (Bangladeshi TV channel)",
        "channel_logo": "https://upload.wikimedia.org/wikipedia/en/2/20/GTVBangladeshLogo.png",
        "channel_url": "http://opplextv.cyou:8080/live/naqeebkhan/naqeebkhan123/245901.ts"
    },
    {
        "channel_name": "Independent Television (Bangladesh)",
        "channel_logo": "https://i.postimg.cc/05nKf1n0/independent.jpg",
        "channel_url": "http://opplextv.cyou:8080/live/naqeebkhan/naqeebkhan123/245916.ts"
    },
    {
        "channel_name": "Islamic TV",
        "channel_logo": "https://upload.wikimedia.org/wikipedia/en/c/cd/Islamic_TV_Logo.gif",
        "channel_url": "http://103.81.104.118/hls/stream17.m3u8"
    },
    {
        "channel_name": "Jamuna Television",
        "channel_logo": "https://i.postimg.cc/ZKdvNGHZ/jamuna.png",
        "channel_url": "http://opplextv.cyou:8080/live/naqeebkhan/naqeebkhan123/245917.ts"
    },
    {
        "channel_name": "Maasranga Television",
        "channel_logo": "https://upload.wikimedia.org/wikipedia/en/thumb/3/39/Maasranga_Television_Logo.jpg/180px-Maasranga_Television_Logo.jpg",
        "channel_url": "http://opplextv.cyou:8080/live/naqeebkhan/naqeebkhan123/245904.ts"
    },
    {
        "channel_name": "Mohona Television",
        "channel_logo": "https://i.postimg.cc/wjzh6kDg/mohona.webp",
        "channel_url": "http://opplextv.cyou:8080/live/naqeebkhan/naqeebkhan123/245920.ts"
    },
    {
        "channel_name": "My TV (Bangladeshi TV channel)",
        "channel_logo": "https://upload.wikimedia.org/wikipedia/en/4/45/Mytv_Bangladesh_Logo.png",
        "channel_url": "http://opplextv.cyou:8080/live/naqeebkhan/naqeebkhan123/245964.ts"
    },
    {
        "channel_name": "Nagorik (TV channel)",
        "channel_logo": "https://upload.wikimedia.org/wikipedia/en/thumb/2/24/Nagorik_TV_Logo.png/150px-Nagorik_TV_Logo.png",
        "channel_url": "http://opplextv.cyou:8080/live/naqeebkhan/naqeebkhan123/245939.ts"
    },
    {
        "channel_name": "News24 (Bangladeshi TV channel)",
        "channel_logo": "https://i.postimg.cc/nr0x9cWT/news24.png",
        "channel_url": "http://opplextv.cyou:8080/live/naqeebkhan/naqeebkhan123/245903.ts"
    },
    {
        "channel_name": "NTV (Bangladeshi TV channel)",
        "channel_logo": "https://i.postimg.cc/FHx01Jxc/ntv.png",
        "channel_url": "http://opplextv.cyou:8080/live/naqeebkhan/naqeebkhan123/245924.ts"
    },
    {
        "channel_name": "RTV (Bangladeshi TV channel)",
        "channel_logo": "https://upload.wikimedia.org/wikipedia/en/thumb/4/4e/Rtv_bangladesh.svg/1200px-Rtv_bangladesh.svg.png",
        "channel_url": "http://opplextv.cyou:8080/live/naqeebkhan/naqeebkhan123/245911.ts"
    },
    {
        "channel_name": "SA TV",
        "channel_logo": "https://i.postimg.cc/1tP4GvNd/sa-tv.jpg",
        "channel_url": "http://opplextv.cyou:8080/live/naqeebkhan/naqeebkhan123/245945.ts"
    },
    {
        "channel_name": "Somoy TV",
        "channel_logo": "https://www.somoynews.tv/_nuxt/img/somoy-logo-big-2.8c0bf75.png",
        "channel_url": "http://opplextv.cyou:8080/live/naqeebkhan/naqeebkhan123/245925.ts"
    },
    {
        "channel_name": "SRK Tv",
        "channel_logo": "https://www.somoynews.tv/_nuxt/img/somoy-logo-big.png",
        "channel_url": "https://cdn.ncare.live/flixhls/flixsrktv.stream/playlist.m3u8"
    },
    {
        "channel_name": "T Sports",
        "channel_logo": "https://i.postimg.cc/fLK4Xh7L/download-1.jpg",
        "channel_url": "http://opplextv.cyou:8080/live/naqeebkhan/naqeebkhan123/167590.ts"
    }
]
