[
  {
    "id": "11349",
    "movie_title": "Deadpool 2",
    "MovieYear": "2018",
    "MovieID": "tt5463162",
    "MovieQuality": "Bluray 1080p",
    "MovieCategory": "Hollywood",
    "MovieTrailer": "",
    "MovieRatings": "7.492",
    "MovieGenre": "Action,Comedy,Adventure",
    "MovieDate": "2018-05-10",
    "Movielang": "广州话 / 廣州話,English,Pусский,Español",
    "Moviehomepage": "https://www.20thcenturystudios.com/movies/deadpool-2",
    "MovieRuntime": "120",
    "MovieKeywords": "",
    "MovieStory": "Wisecracking mercenary Deadpool battles the evil and powerful Cable and other bad guys to save a boy's life.",
    "movie_url": "http://103.145.232.246/Data/movies/Hollywood/2018/Deadpool 2 (2018)/Deadpool 2.mp4",
    "MovieSubtitle": "",
    "movie_actor": "ArrayRyan Reynolds,Josh Brolin,Morena Baccarin,Julian Dennison,Zazie Beetz,T.J. Miller,Leslie Uggams,Karan Soni,Brianna Hildebrand,Jack Kesy,Eddie Marsan,Shioli Kutsuna,Stefan Kapicic,Randal Reeder,Nikolai Witschl,Thayr Harris,Rob Delaney,Lewis Tan,Bill Skarsgård,Terry Crews,Brad Pitt,Paul Wu,Robert Maillet,Alan Tudyk,Matt Damon,Michasha Armstrong,Joe Doserro,Hayley Sales,Islie Hirvonen,Jagua Arneja,Gerry South,Mike Dopud,Luke Roessler,Andy Canete,Tanis Dolman,Eleanor Walker,Hunter Dillon,Sala Baker,Sonia Sunger,Paul Wernick,Rhett Reese,Abiola Uthman,Tony Bailey,David Cook,Alex Kliner,Elaine Kliner,David Leitch,Valencia Budijanto,Stefania Indelicato,Myfanwy Williams,Sam Armstrong,Alison Pickford,Danny Ocean,Paul Lazenby,Noah Beggs,Andrei Kovski,Alicia Morton,Andre Tricoteux,Lisa Bunting,Miles Ellis,Lars Grant,Sam Hargrave,Nicholas Hoult,Simon MacIntyre,James McAvoy,Evan Peters,Tye Sheridan,Alexandra Shipp,Kodi Smit-McPhee,Scott Vickaryous,Dan Zachary,",
    "MovieSize": "2.95GB",
    "poster": "to0spRl1CMDvyUbOnbb4fTk3VAd.jpg",
    "backdrops_Poster": null,
    "uploadedUser": "bappy",
    "uploadTime": "2024-08-18 19:48:21",
    "views": null,
    "published": "0",
    "DownHit": "0"
  },
  {
    "id": "11348",
    "MovieTitle": "Chappie",
    "MovieYear": "2015",
    "MovieID": "tt1823672",
    "MovieQuality": "1080p WEB-RIP",
    "MovieCategory": "Hollywood",
    "MovieTrailer": "",
    "MovieRatings": "6.79",
    "MovieGenre": "Crime,Action,Science Fiction",
    "MovieDate": "2015-03-04",
    "Movielang": "English",
    "Moviehomepage": "http://www.chappie-movie.com",
    "MovieRuntime": "120",
    "MovieKeywords": "",
    "MovieStory": "Every child comes into the world full of promise, and none more so than Chappie: he is gifted, special, a prodigy. Like any child, Chappie will come under the influence of his surroundings—some good, some bad—and he will rely on his heart and soul to find his way in the world and become his own man. But there's one thing that makes Chappie different from any one else: he is a robot.",
    "MovieWatchLink": "http://103.145.232.246/Data/movies/Hollywood/2015/Chappie (2015)/Chappie.mp4",
    "MovieSubtitle": "",
    "MovieActors": "ArraySharlto Copley,Dev Patel,Hugh Jackman,Ninja,Yo-Landi Visser,Sigourney Weaver,Chris Shields,Anderson Cooper,Jose Pablo Cantillo,Brandon Auret,Johnny Selema,Maurice Carpede,Jason Cope,Kevin Otto,Bill Marchant,Robert Hobbs,Eugene Khumbanyiwa,Mark K. Xulu,Sherldon Marema,Shaheed Hajee,James Hendricks,Julian Brits,David Davadoss,Anneli Muller,Kendal Watt,Chan Marti,Vuyelwa Booi,Mike Blomkamp,Anthony Bishop,Paul Dobson,Max Poolman,Alistair Prodgers,Wandile Molebatsi,Arran Henn,Thami Ngubeni,James Bitonti,Andea Volschenk,Hein De Vries,Dan Hirst,Paul Hampshire,Graeme Duffy,Miranda Frigon,Edwin Gagiano,Sean Owen Roberts,",
    "MovieSize": "1.84GB",
    "poster": "hpnuXlKKWznTgbheGe4iQXzkuwJ.jpg",
    "backdrops_Poster": null,
    "uploadedUser": "bappy",
    "uploadTime": "2024-08-18 18:46:34",
    "views": null,
    "published": "0",
    "DownHit": "0"
  },
  {
    "id": "11347",
    "MovieTitle": "IF",
    "MovieYear": "2024",
    "MovieID": "tt11152168",
    "MovieQuality": "1080p WEB-RIP",
    "MovieCategory": "Animation",
    "MovieTrailer": "",
    "MovieRatings": "7.328",
    "MovieGenre": "Comedy,Fantasy,Family",
    "MovieDate": "2024-05-08",
    "Movielang": "English",
    "Moviehomepage": "https://www.if.movie",
    "MovieRuntime": "104",
    "MovieKeywords": "",
    "MovieStory": "A young girl who goes through a difficult experience begins to see everyone's imaginary friends who have been left behind as their real-life friends have grown up.",
    "MovieWatchLink": "http://103.145.232.246/Data/movies/animation/2024/IF (2024)/IF.mp4",
    "MovieSubtitle": "",
    "MovieActors": "ArrayCailey Fleming,Ryan Reynolds,John Krasinski,Fiona Shaw,Steve Carell,Phoebe Waller-Bridge,Louis Gossett Jr.,Alan Kim,Liza Colón-Zayas,Bobby Moynihan,Catharine Daddario,Audrey Hoffman,Laquet Sharnell Pringle,Ed Herbstman,Barbara Andres,Alexander Rivero,Shauna Pinkett,Sa'Raya Paris Johnson,Marta Siteiya Moipei,David Weissmann,Awkwafina,Emily Blunt,George Clooney,Bradley Cooper,Matt Damon,Bill Hader,Richard Jenkins,Keegan-Michael Key,Blake Lively,Sebastian Maniscalco,Christopher Meloni,Matthew Rhys,Sam Rockwell,Maya Rudolph,Amy Schumer,Allyson Seeger,Jon Stewart,Craig 'Radioman' Castaldo,",
    "MovieSize": "2.65GB",
    "poster": "xbKFv4KF3sVYuWKllLlwWDmuZP7.jpg",
    "backdrops_Poster": null,
    "uploadedUser": "bappy",
    "uploadTime": "2024-08-18 18:25:24",
    "views": null,
    "published": "0",
    "DownHit": "0"
  },
  {
    "id": "11260",
    "MovieTitle": "Phir Aayi Hasseen Dillruba ",
    "MovieYear": "2024",
    "MovieID": "tt26225118",
    "MovieQuality": "HD-RIP",
    "MovieCategory": "Bollywood",
    "MovieTrailer": "UPRseRavhYQ",
    "MovieRatings": "6.7",
    "MovieGenre": "Thriller,Romance,",
    "MovieDate": "2024-08-09",
    "Movielang": "हिन्दी",
    "Moviehomepage": "",
    "MovieRuntime": "133",
    "MovieKeywords": "",
    "MovieStory": "While evading the cops in Agra, Rani and Rishu scheme to run away together. But when their plans go awry, Rani asks a mild-mannered admirer for help.",
    "MovieWatchLink": "http://103.145.232.246/Data/movies/Bollywood/2024/Phir Aayi Hasseen Dillruba (2024)/Phir Aayi Hasseen Dillruba.mp4",
    "MovieSubtitle": "",
    "MovieActors": "Taapsee Pannu,Vikrant Massey,Sunny Kaushal,Jimmy ShergillAditya Srivastava",
    "MovieSize": "1.09 GB",
    "poster": "lIBjLUAAw2bzeOHBJIKiZI4QDL0.jpg",
    "backdrops_Poster": null,
    "uploadedUser": "bappy",
    "uploadTime": "2024-08-18 11:36:44",
    "views": null,
    "published": "0",
    "DownHit": "0"
  },
  {
    "id": "11346",
    "MovieTitle": "Alaap",
    "MovieYear": "2024",
    "MovieID": "tt31995703",
    "MovieQuality": "DVD-RIP",
    "MovieCategory": "Indian Bangla",
    "MovieTrailer": "",
    "MovieRatings": "0",
    "MovieGenre": "Comedy,Romance",
    "MovieDate": "2024-04-26",
    "Movielang": "বাংলা",
    "Moviehomepage": "",
    "MovieRuntime": "127",
    "MovieKeywords": "",
    "MovieStory": "Pablo Majumdar, Aditi Mitra, and Swatilekha Sen working in different IT companies cross paths in the professional sphere where a series of events unfold.",
    "MovieWatchLink": "http://103.145.232.246/Data/movies/indianbangla/2024/Alaap (2024)/Alaap.mp4",
    "MovieSubtitle": "",
    "MovieActors": "ArrayAbir Chatterjee,Mimi Chakraborty,Swastika Dutta,Kinjal Nanda,Tonni Laha Roy,Debopriyo Mukherjee,",
    "MovieSize": "3.92GB",
    "poster": "1nv0rC235I7UBu6gJnZ3OcNLFe2.jpg",
    "backdrops_Poster": null,
    "uploadedUser": "bappy",
    "uploadTime": "2024-08-18 11:25:08",
    "views": null,
    "published": "0",
    "DownHit": "0"
  },
  {
    "id": "11345",
    "MovieTitle": "The Union",
    "MovieYear": "2024",
    "MovieID": "tt12610390",
    "MovieQuality": "1080p WEB-RIP",
    "MovieCategory": "Hollywood",
    "MovieTrailer": "",
    "MovieRatings": "6.355",
    "MovieGenre": "Action,Comedy",
    "MovieDate": "2024-08-15",
    "Movielang": "English",
    "Moviehomepage": "https://www.netflix.com/title/81282732",
    "MovieRuntime": "109",
    "MovieKeywords": "",
    "MovieStory": "A New Jersey construction worker goes from regular guy to aspiring spy when his long-lost high school sweetheart recruits him for an espionage mission.",
    "MovieWatchLink": "http://103.145.232.246/Data/movies/Hollywood/2024/The Union (2024)/The Union.mp4",
    "MovieSubtitle": "",
    "MovieActors": "ArrayMark Wahlberg,Halle Berry,J.K. Simmons,Mike Colter,Adewale Akinnuoye-Agbaje,Jessica De Gouw,Alice Lee,Jackie Earle Haley,Stephen Campbell Moore,Lorraine Bracco,Dana Delany,Patch Darragh,James McMenamin,Juan Carlos Hernández,Alex Brightman,Andrei Lenart,Susan Fordham,Fahim Fazli,Robert Ryan,Lucy Cork,Jeśka Pike,Jen Jacob,Scott Rees,Julianna Kurokawa,Adam Collins,Richard Sutar,John-Deric Mitchell,Smilla,Riley Neldam,Luis Arroyo Jr.,Claire Ashton,Christian Yeung,Liam Edwards,Tianyi Kiy,Tommy Bayiokos,Stephane Fichet,Steve Mullins,Elena Bielova,Nathan Hall,Luqman A. Agiya,Tatanya Lowed-Spence,Guy Robbins,Benny Bereal,Obie Matthew,Giovanni James Bertoia,Robert John Gallagher,Eugene Lin,MJ Lee,Charlotte Aldhouse,Nikky Athan,Nas Ganev,Jason Charles Onion,Prince Marfo,Mamie Barry,David Ambler,Gaj Mirtic,Alex Merry,Anthony Thomas,Simon Steggall,Cain Aiden,Jason Latief Anderson,Lincoln R. Beckett,Doug Berry,Patrice Bevans,Carlos Damasceno,Nick Donald,Jag Patel,Daniel Joseph Woolf,",
    "MovieSize": "2.71GB",
    "poster": "kWGVB2x76Bo5GWCR31W41Pmz3PH.jpg",
    "backdrops_Poster": null,
    "uploadedUser": "bappy",
    "uploadTime": "2024-08-18 11:01:38",
    "views": null,
    "published": "0",
    "DownHit": "0"
  },
  {
    "id": "11343",
    "MovieTitle": "Double iSmart",
    "MovieYear": "2024",
    "MovieID": "tt27610677",
    "MovieQuality": "DVD-RIP",
    "MovieCategory": "Bollywood",
    "MovieTrailer": "",
    "MovieRatings": "6",
    "MovieGenre": "Action,Science Fiction,Thriller",
    "MovieDate": "2024-08-15",
    "Movielang": "తెలుగు",
    "Moviehomepage": "",
    "MovieRuntime": "162",
    "MovieKeywords": "",
    "MovieStory": "Big Bull, a notorious assassin, wants to achieve immortality by transferring his memories to \"iSmart\" Shankar, who already has another's person's memories, leading to the intense confrontation between Shankar and Big Bull.",
    "MovieWatchLink": "http://103.145.232.246/Data/movies/Bollywood/2024/Double Ismart (2024)/Double Ismart.mp4",
    "MovieSubtitle": "",
    "MovieActors": "ArrayRam Pothineni,Sanjay Dutt,Kavya Thapar,Sayaji Shinde,Getup Srinu,Makrand Deshpande,Temper Vamsi,Gurbani Judge,Ali Basha,Jhansi,Pragathi Mahavadi,Uttej,",
    "MovieSize": "3.90GB",
    "poster": "wMX0smQawaCUVixv89YMwsukYwD.jpg",
    "backdrops_Poster": null,
    "uploadedUser": "bappy",
    "uploadTime": "2024-08-17 16:07:15",
    "views": null,
    "published": "0",
    "DownHit": "0"
  },
  {
    "id": "11339",
    "MovieTitle": "Stree 2 ",
    "MovieYear": "2024",
    "MovieID": "tt27510174",
    "MovieQuality": "HD-RIP",
    "MovieCategory": "Bollywood",
    "MovieTrailer": "VlvOgk5BHS4",
    "MovieRatings": "7",
    "MovieGenre": "Horror,Comedy,",
    "MovieDate": "2024-08-15",
    "Movielang": "हिन्दी",
    "Moviehomepage": "",
    "MovieRuntime": "147",
    "MovieKeywords": "",
    "MovieStory": "A hollow headless creature 'Sarkata' is spreading terror in the sleepy small town of Chanderi. The trio of Vicky, Jana and Bittu, along with the wise man Rudra summon 'Stree', who has her own secrets, to save them and the town from the new monster.",
    "MovieWatchLink": "http://103.145.232.246/Data/movies/Bollywood/2024/Stree 2 (2024)/Stree 2.mp4",
    "MovieSubtitle": "",
    "MovieActors": "Rajkummar Rao,Shraddha Kapoor,Aparshakti Khurana,Abhishek BanerjeePankaj Tripathi",
    "MovieSize": "3.06 GB",
    "poster": "zgxpT5Q5pe3FtL99F0UOIglPGrQ.jpg",
    "backdrops_Poster": null,
    "uploadedUser": "admin",
    "uploadTime": "2024-08-17 13:50:45",
    "views": null,
    "published": "0",
    "DownHit": "0"
  },
  {
    "id": "11342",
    "MovieTitle": "Pradhan ",
    "MovieYear": "2023",
    "MovieID": "tt29923681",
    "MovieQuality": "HD-RIP",
    "MovieCategory": "Indian Bangla",
    "MovieTrailer": "",
    "MovieRatings": "5",
    "MovieGenre": "Family,Drama,Comedy,",
    "MovieDate": "2023-12-22",
    "Movielang": "",
    "Moviehomepage": "",
    "MovieRuntime": "160",
    "MovieKeywords": null,
    "MovieStory": "Deepak Pradhan, a young police officer, gets transferred to North Bengal where his junior officers are involved in corrupt practices. When disturbing events from the past start to surface and the pressure builds, will Deepak be able to hold on to his principles to save his integrity and loved ones?",
    "MovieWatchLink": "http://103.145.232.246/Data/movies/indianbangla/new/Pradhan (2023)/Pradhan.mp4",
    "MovieSubtitle": null,
    "MovieActors": "Dev,Paran Banerjee,Anirban Chakrabarti,Soham ChakrabortySoumitrisha Kundu",
    "MovieSize": "1.41 GB",
    "poster": "6yCCMXpr1gkIIZkdOqJ1f9pQYNs.jpg",
    "backdrops_Poster": null,
    "uploadedUser": "admin",
    "uploadTime": "2024-08-17 13:47:24",
    "views": null,
    "published": "0",
    "DownHit": "0"
  },
  {
    "id": "11336",
    "MovieTitle": "Khel Khel Mein ",
    "MovieYear": "2024",
    "MovieID": "tt27056012",
    "MovieQuality": "HD-RIP",
    "MovieCategory": "Bollywood",
    "MovieTrailer": "RKZJtoFoaQg",
    "MovieRatings": "0",
    "MovieGenre": "Comedy,Drama,",
    "MovieDate": "2024-08-15",
    "Movielang": "हिन्दी",
    "Moviehomepage": "",
    "MovieRuntime": "131",
    "MovieKeywords": null,
    "MovieStory": "What if for one night your mobile phone was a public property? 7 friends at a party decide to play a seemingly harmless but as it turns out, a dangerous game which might have earth-shattering consequences as relationships, marriages and identities are at stake.",
    "MovieWatchLink": "http://103.145.232.246/Data/movies/Bollywood/2024/Khel Khel Mein (2024)/Khel Khel Mein.mp4",
    "MovieSubtitle": null,
    "MovieActors": "Akshay Kumar,Taapsee Pannu,Vaani Kapoor,Fardeen KhanAmmy Virk",
    "MovieSize": "2.21 GB",
    "poster": "32P0oQf41HXbENRGtu2h0rqBF2k.jpg",
    "backdrops_Poster": null,
    "uploadedUser": "admin",
    "uploadTime": "2024-08-17 13:47:18",
    "views": null,
    "published": "0",
    "DownHit": "0"
  },
  {
    "id": "11341",
    "MovieTitle": "Vedaa ",
    "MovieYear": "2024",
    "MovieID": "tt28153480",
    "MovieQuality": "HD-RIP",
    "MovieCategory": "Bollywood",
    "MovieTrailer": "eGfYMhdKR0Q",
    "MovieRatings": "0",
    "MovieGenre": "Action,Drama,Thriller,",
    "MovieDate": "2024-08-15",
    "Movielang": "हिन्दी",
    "Moviehomepage": "",
    "MovieRuntime": "147",
    "MovieKeywords": null,
    "MovieStory": "A former soldier with a painful past helps an aspiring female boxer work towards her dreams despite her hostile environment.",
    "MovieWatchLink": "http://103.145.232.246/Data/movies/Bollywood/2024/Vedaa (2024)/Vedaa.mp4",
    "MovieSubtitle": null,
    "MovieActors": "John Abraham,Sharvari Wagh,Tamannaah Bhatia,Abhishek BanerjeeAshish Vidhyarthi",
    "MovieSize": "2.46 GB",
    "poster": "lOqxIxX6tSjEB7J5mqktFxPhUZy.jpg",
    "backdrops_Poster": null,
    "uploadedUser": "admin",
    "uploadTime": "2024-08-17 13:47:18",
    "views": null,
    "published": "0",
    "DownHit": "0"
  },
  {
    "id": "11333",
    "MovieTitle": "Watchmen Chapter I ",
    "MovieYear": "2024",
    "MovieID": "tt32627540",
    "MovieQuality": "720p Blu-Ray",
    "MovieCategory": "Animation",
    "MovieTrailer": "UHPkFitcTlo",
    "MovieRatings": "8.1",
    "MovieGenre": "Animation,Drama,Science Fiction,",
    "MovieDate": "2024-08-12",
    "Movielang": "English",
    "Moviehomepage": "https://www.warnerbros.com/movies/watchmen-chapter-i",
    "MovieRuntime": "84",
    "MovieKeywords": null,
    "MovieStory": "In 1985, the murder of a government-sponsored superhero draws his outlawed colleagues out of retirement and into a mystery that threatens to upend their personal lives and the world itself.",
    "MovieWatchLink": "http://103.145.232.246/Data/movies/animation/new/Watchmen Chapter I (2024)/Watchmen.Chapter.I.2024.720p.WEBRip.x264.AAC-[YTS.MX].mp4",
    "MovieSubtitle": null,
    "MovieActors": "Troy Baker,Adrienne Barbeau,Corey Burton,Michael CerverisJeffrey Combs",
    "MovieSize": "771.22 MB",
    "poster": "tE2vZ6HdlmKaBh0wpsvHCf7HJKo.jpg",
    "backdrops_Poster": null,
    "uploadedUser": "admin",
    "uploadTime": "2024-08-17 13:46:59",
    "views": null,
    "published": "0",
    "DownHit": "0"
  },
  {
    "id": "11289",
    "MovieTitle": "6 Hours Away ",
    "MovieYear": "2024",
    "MovieID": "tt22897544",
    "MovieQuality": "HD-RIP",
    "MovieCategory": "Hindi Dubbed",
    "MovieTrailer": "Z9rcVX8GZww",
    "MovieRatings": "4",
    "MovieGenre": "Action,Thriller,",
    "MovieDate": "2024-04-19",
    "Movielang": "English",
    "Moviehomepage": "https://www.freestyledigitalmedia.tv/film/6-hours-away/",
    "MovieRuntime": "92",
    "MovieKeywords": null,
    "MovieStory": "It follows ex-Marine Chris Montano after his wife goes missing during a business trip. He then finds himself in a race against time to save her.",
    "MovieWatchLink": "http://103.145.232.246/Data/movies/Hindi dubbed/6 Hours Away (2024)/6 Hours Away.mp4",
    "MovieSubtitle": null,
    "MovieActors": "Guillermo Iván,Roberto 'Sanz' Sanchez,Óscar López,Lara WolfZair Montes",
    "MovieSize": "1.03 GB",
    "poster": "Aa1RyMKcOhwhfdaW5OVaPxgrkjt.jpg",
    "backdrops_Poster": null,
    "uploadedUser": "admin",
    "uploadTime": "2024-08-17 13:46:31",
    "views": null,
    "published": "0",
    "DownHit": "0"
  }
]
