[
   {
      "event_title":"SOUTH AFRICA VS BANGLADESH",
      "event_poster":"https://i.postimg.cc/15Zs4k6m/20241021-113411.jpg",
      "event_url":"http://opplextv.cyou:8080/live/naqeebkhan/naqeebkhan123/167590.ts"
   },
   
   {
      "event_title":"SRI LANKA VS WEST INDIES",
      "event_poster":"https://i.postimg.cc/MT0k2TGh/20241021-113921.jpg",
      "event_url":"http://opplextv.cyou:8080/live/naqeebkhan/naqeebkhan123/206566.ts"
   },
   {
      "event_title":"INDIA VS NEW ZEALAND",
      "event_poster":"https://i.postimg.cc/T354vw7C/20241021-114257.jpg",
      "event_url":"http://opplextv.cyou:8080/live/naqeebkhan/naqeebkhan123/346375.ts"
   }
   ,
   {
      "event_title":"ENGLAND VS PAKISTAN",
      "event_poster":"https://i.postimg.cc/4NqWPGft/20241021-114656.jpg",
      "event_url":"http://opplextv.cyou:8080/live/naqeebkhan/naqeebkhan123/167590.ts"
   }
   
]
