[

   {
      "event_title":"UEFA Champions League",
      "event_poster":"https://i.postimg.cc/2SP5FmYm/images-29.jpg",
      "event_url":"http://Supersonictv.live:8080/live/309298/746090/86863.ts"
   },
   {
      "event_title":"Laliga",
      "event_poster":"https://i.postimg.cc/L8HbhJpJ/laliga-logo.png",
      "event_url":"http://opplextv.cyou:8080/live/naqeebkhan/naqeebkhan123/238479.ts"
   },
   {
      "event_title":"Premier League",
      "event_poster":"https://i.postimg.cc/SsMTRybJ/images-1.jpg",
      "event_url":"http://Supersonictv.live:8080/live/309298/746090/86863.ts"
   },
   {
      "event_title":"RSL League",
      "event_poster":"https://i.postimg.cc/MG5c2BFD/images-6.jpg",
      "event_url":"https://hls.sweet.tv/stream/ngxg4qhx8tz2pe2g6w52pvgyhd2suih5m32jkrzp4x3ihutu98w66k8nr4hui6a9xkggtp6c2in45492993m9w56968y67vw999x6829.m3u8"
   }
]
