[
    {
        "channel_name": "& Pictures",
        "channel_logo": "https://logowik.com/content/uploads/images/pictures-hd4628.logowik.com.webp",
        "channel_url": "http://opplextv.cyou:8080/live/naqeebkhan/naqeebkhan123/221260.ts"
    },
    
    {
        "channel_logo": "https://i.postimg.cc/tCKdHGtc/images-12.jpg",
        "channel_name": "7S Music (576p)",
        "channel_url": "http://103.199.161.254/Content/7smusic/Live/Channel(7smusic)/index.m3u8"
    },
    
    {
        "channel_logo": "https://i.postimg.cc/ZnZRLjrV/images-4.png",
        "channel_name": "9XM (480p)",
        "channel_url": "https://d2q8p4pe5spbak.cloudfront.net/bpk-tv/9XM/9XM.isml/index.m3u8"
    },

    {
        "channel_name": "Animal Planet",
        "channel_logo": "https://upload.wikimedia.org/wikipedia/commons/2/20/2018_Animal_Planet_logo.svg",
        "channel_url": "http://opplextv.cyou:8080/live/naqeebkhan/naqeebkhan123/206282.ts"
    },
    
    {
        "channel_logo": "https://upload.wikimedia.org/wikipedia/commons/2/28/Aaj_tak_logo.png",
        "channel_name": "Aaj Tak",
        "channel_url": "http://opplextv.cyou:8080/live/naqeebkhan/naqeebkhan123/244915.ts"
    },
   
    {
        "channel_logo": "https://upload.wikimedia.org/wikipedia/en/8/86/Aastha_international.png",
        "channel_name": "Aastha (480p)",
        "channel_url": "https://aasthaott.akamaized.net/110923/smil:aasthatv.smil/chunklist_b1328000.m3u8"
    },
    
    {
        "channel_logo": "https://i.postimg.cc/DwqxjP4R/images-5.png",
        "channel_name": "ABP Ganga (1080p)",
        "channel_url": "https://abplivetv.akamaized.net/hls/live/2043013/ganga/master.m3u8"
    },
    {
        "channel_logo": "https://i.postimg.cc/6Q8gHvwZ/images-6.png",
        "channel_name": "ABP Majha (720p)",
        "channel_url": "http://opplextv.cyou:8080/live/naqeebkhan/naqeebkhan123/384020.ts"
    },
    {
        "channel_logo": "https://i.postimg.cc/RZ62dtvH/images-13.jpg",
        "channel_name": "ABP News (720p)",
        "channel_url": "https://abplivetv.akamaized.net/hls/live/2043010/hindi/master.m3u8"
    },
    {
        "channel_logo": "https://i.postimg.cc/ZYNcwLNZ/images-7.png",
        "channel_name": "ABP Sanjha (720p)",
        "channel_url": "https://d316coox0if60r.cloudfront.net/out/v1/7723f2221c3449c3910aaa8f91592bf0/index.m3u8"
    },
    {
        "channel_logo": "https://i.postimg.cc/66PkvzXX/images-19.jpg",
        "channel_name": "Amrita TV (720p)",
        "channel_url": "https://dr1zhpsuem5f4.cloudfront.net/master.m3u8"
    },

    {
        "channel_name": "B4U Music",
        "channel_logo": "https://upload.wikimedia.org/wikipedia/commons/7/74/B4U_Music_logo.png",
        "channel_url": "https://cdn2.pishow.tv/live/141/master.m3u8"
    },
    
    {
        "channel_logo": "https://i.postimg.cc/CK0Wbdb4/image.jpg",
        "channel_name": "Balle Balle",
        "channel_url": "https://mcncdndigital.com/balleballetv/index.m3u8"
    },
  
    {
        "channel_name": "B4U Movies",
        "channel_logo": "https://mir-s3-cdn-cf.behance.net/project_modules/hd/22fec733247999.56a6096d3c84d.jpg",
        "channel_url": "http://opplextv.cyou:8080/live/naqeebkhan/naqeebkhan123/104201.ts"
    },
    {
        "channel_name": "Bflix Movies",
        "channel_logo": "https://static.wikia.nocookie.net/logopedia/images/1/17/Bflix_Movies.jpeg",
        "channel_url": "http://opplextv.cyou:8080/live/naqeebkhan/naqeebkhan123/104190.ts"
    },
    {
        "channel_name": "Colors Cineplex",
        "channel_logo": "https://jiotvimages.cdn.jio.com/dare_images/images/Color_Cineplex_HD.png",
        "channel_url": "http://opplextv.cyou:8080/live/naqeebkhan/naqeebkhan123/104191.ts"
    },
     {
        "channel_logo": "https://i.postimg.cc/LspTDn6R/056bb4aa-a8a4-48d1-bad0-22b18089d22d.jpg",
        "channel_name": "Desi Tv",
        "channel_url": "https://d35j504z0x2vu2.cloudfront.net/v1/master/0bc8e8376bd8417a1b6761138aa41c26c7309312/desi-tv/master.m3u8"
    },
    {
        "channel_logo": "https://i.postimg.cc/66MJpt5b/images-1.png",
        "channel_name": "Discovery Bangla",
        "channel_url": "https://varun-iptv.netlify.app/m3u/discoverybengali.m3u8"
    },

    {
        "channel_name": "Discovery Kids",
        "channel_logo": "https://upload.wikimedia.org/wikipedia/commons/a/a9/Discovery_Kids_Logo_2021-Presente.webp",
        "channel_url": "http://opplextv.cyou:8080/live/naqeebkhan/naqeebkhan123/76723.ts"
    },

    {
        "channel_name": "Disney Channel",
        "channel_logo": "https://upload.wikimedia.org/wikipedia/commons/d/d2/2019_Disney_Channel_logo.svg",
        "channel_url": "http://opplextv.cyou:8080/live/naqeebkhan/naqeebkhan123/346464.ts"
    },
    
    {
        "channel_name": "Enter 10 Bangla",
        "channel_logo": "https://upload.wikimedia.org/wikipedia/en/e/ea/Enterr10_Bangla.jpeg",
        "channel_url": "http://opplextv.cyou:8080/live/naqeebkhan/naqeebkhan123/245954.ts"
    },
    
    {
        "channel_name": "Enter 10 Movies",
        "channel_logo": "https://static.wikia.nocookie.net/logopedia/images/f/f3/Enterr10_logo.png",
        "channel_url": "http://opplextv.cyou:8080/live/naqeebkhan/naqeebkhan123/104202.ts"
    },
    {
        "channel_name": "Goldmines",
        "channel_logo": "https://pbs.twimg.com/profile_images/1509086349692858370/0iiGu-t__400x400.jpg",
        "channel_url": "http://opplextv.cyou:8080/live/naqeebkhan/naqeebkhan123/112972.ts"
    },
    
    {
        "channel_name": "Hungama",
        "channel_logo": "https://admin.indiantelevision.com/sites/default/files/styles/smartcrop_800x800/public/images/tv-images/2016/05/16/Untitled-1_40.jpg?itok=BEI60cNq",
        "channel_url": "http://opplextv.cyou:8080/live/naqeebkhan/naqeebkhan123/150480.ts"
    },
    {
        "channel_name": "Jalsha Movies",
        "channel_logo": "https://i.postimg.cc/KvBPSWk0/jalsha-movie.jpg",
        "channel_url": "http://tv.cloudcdn.me/live.ts?channelId=117&uid=8164&deviceMac=00:1A:79:17:D4:A1"
    },
    {
        "channel_name": "Khushboo Bangla",
        "channel_logo": "https://i.postimg.cc/q72z6Pgn/Khushboo.jpg",
        "channel_url": "https://cdn3.pishow.tv/live/283/master.m3u8"
    },
    {
        "channel_name": "MTV",
        "channel_logo": "https://upload.wikimedia.org/wikipedia/commons/6/68/MTV_2021_%28brand_version%29.svg",
        "channel_url": "http://14.102.123.50:5001/live/248.m3u8"
    },
    {
        "channel_name": "MTV Beats",
        "channel_logo": "https://upload.wikimedia.org/wikipedia/commons/3/33/MTV_Beats_Logo.png",
        "channel_url": "http://opplextv.cyou:8080/live/naqeebkhan/naqeebkhan123/66273.ts"
    },
    
    {
        "channel_logo": "https://i.postimg.cc/Twn3jBVd/Music-India.png",
        "channel_name": "Music India",
        "channel_url": "http://opplextv.cyou:8080/live/naqeebkhan/naqeebkhan123/190028.ts"
    },
    {
        "channel_logo": "https://i.postimg.cc/SNQqCqyh/1708ecea-d867-423c-9743-2aabefcd8ecc.jpg",
        "channel_name": "Mon Tv",
        "channel_url": "https://live-stream.utkalbongo.com/utkalbongo/stream7/hls/montvlivestream.m3u8"
    },
    {
        "channel_name": "Manoranjan Movies",
        "channel_logo": "https://upload.wikimedia.org/wikipedia/commons/b/b5/Manoranjan-Movies-Logo.jpg",
        "channel_url": "http://opplextv.cyou:8080/live/naqeebkhan/naqeebkhan123/104204.ts"
    },
    {
        "channel_name": "Maha Movies",
        "channel_logo": "https://jiotvimages.cdn.jio.com/dare_images/images/Maha_Movies.png",
        "channel_url": "http://opplextv.cyou:8080/live/naqeebkhan/naqeebkhan123/104206.ts"
    },
    
    {
        "channel_name": "Nick Jr",
        "channel_logo": "https://logos-world.net/wp-content/uploads/2021/09/Nick-Jr.-Logo-2009-present.png",
        "channel_url": "http://xtv.ooo:8080/live/98267/02727/238531.ts"
    },
    
    {
        "channel_name": "Sangeet Bhojpuri",
        "channel_logo": "https://upload.wikimedia.org/wikipedia/commons/1/1e/Sangeet_Bhojpuri.jpg",
        "channel_url": "https://d1g8wgjurz8via.cloudfront.net/bpk-tv/Sangeetbhojpuri/default/sangeetbhojpuri-audio_208482_und=208000-video=247600.m3u8"
    },
    {
        "channel_name": "Star Jalsha",
        "channel_logo": "https://i.postimg.cc/yN42bNvx/Star-Jalsha-logo-2023.png",
        "channel_url": "http://opplextv.cyou:8080/live/naqeebkhan/naqeebkhan123/245898.ts"
    },
    {
        "channel_name": "Star Gold",
        "channel_logo": "https://tvschedule.today/_next/image?url=https%3A%2F%2Fimagesdishtvd2h.whatsonindia.com%2Fdasimages%2Fchannel%2Flandscape%2F360x270%2FM93IDRjM.png&w=256&q=75",
        "channel_url": "http://opplextv.cyou:8080/live/naqeebkhan/naqeebkhan123/66177.ts"
    },
    {
        "channel_name": "Star Gold Select",
        "channel_logo": "https://tvschedule.today/_next/image?url=https%3A%2F%2Fimagesdishtvd2h.whatsonindia.com%2Fdasimages%2Fchannel%2Flandscape%2F360x270%2FiwxMxXyV.png&w=256&q=75",
        "channel_url": "http://opplextv.cyou:8080/live/naqeebkhan/naqeebkhan123/221257.ts"
    },
    
    
    {
        "channel_name": "Star Gold Thrills",
        "channel_logo": "https://stargoldthrills.com/wp-content/uploads/2024/07/STAR-Gold_20240706_212419_0000.png",
        "channel_url": "http://opplextv.cyou:8080/live/naqeebkhan/naqeebkhan123/221258.ts"
    },
    {
        "channel_name": "Star Gold Romance",
        "channel_logo": "https://static.wikia.nocookie.net/logopedia/images/8/8a/Star_Gold_Romance.svg",
        "channel_url": "http://opplextv.cyou:8080/live/naqeebkhan/naqeebkhan123/66186.ts"
    },
    {
        "channel_name": "Star Gold 2",
        "channel_logo": "https://img-cdn.thepublive.com/fit-in/640x430/filters:format(webp)/afaqs/media/post_attachments/41d240a6a57208111c1d55f18e3e947681cc1aaca30c8cfdadff35afa5bf55d9.png",
        "channel_url": "http://opplextv.cyou:8080/live/naqeebkhan/naqeebkhan123/106133.ts"
    },
    {
        "channel_name": "Sony Max",
        "channel_logo": "https://upload.wikimedia.org/wikipedia/en/b/b6/Sony_Max_new.png",
        "channel_url": "http://opplextv.cyou:8080/live/naqeebkhan/naqeebkhan123/66179.ts"
    },
    {
        "channel_name": "Sony Max 2",
        "channel_logo": "https://jiotvimages.cdn.jio.com/dare_images/images/Sony_MAX2.png",
        "channel_url": "http://opplextv.cyou:8080/live/naqeebkhan/naqeebkhan123/66189.ts"
    },
   
    
    {
        "channel_name": "WOW Cinema One",
        "channel_logo": "https://multireach.in/wp-content/uploads/2020/09/wow-cinema.png",
        "channel_url": "http://opplextv.cyou:8080/live/naqeebkhan/naqeebkhan123/106132.ts"
    },

    {
        "channel_name": "Yrf Music",
        "channel_logo": "https://jiotvimages.cdn.jio.com/dare_images/shows/430/-/2024-06-24/2406242753006.jpg",
        "channel_url": "http://opplextv.cyou:8080/live/naqeebkhan/naqeebkhan123/383530.ts"
    },
    {
        "channel_name": "Zoom",
        "channel_logo": "https://static.toiimg.com/thumb/msid-94940731,width-1200,height-900,resizemode-4/94940731.jpg",
        "channel_url": "https://d75dqofg5kmfk.cloudfront.net/bpk-tv/Zoom/default/index.m3u8"
    },
    {
        "channel_name": "Zee Bangla",
        "channel_logo": "https://i.postimg.cc/DyN916Gq/images-15.jpg",
        "channel_url": "http://opplextv.cyou:8080/live/naqeebkhan/naqeebkhan123/245893.ts"
    },
    {
        "channel_name": "Zee TV",
        "channel_logo": "https://upload.wikimedia.org/wikipedia/commons/d/d0/Zee_TV-2018.png",
        "channel_url": "http://opplextv.cyou:8080/live/naqeebkhan/naqeebkhan123/221250.ts"
    },
    {
        "channel_name": "Zee Cinema",
        "channel_logo": "https://i.postimg.cc/6qjDjLmx/images-16.jpg",
        "channel_url": "http://opplextv.cyou:8080/live/naqeebkhan/naqeebkhan123/206307.ts"
    },
    {
        "channel_name": "Zee Bollywood",
        "channel_logo": "https://www.bizasialive.com/wp-content/uploads/2018/08/zeebollywoodlogoNEW.jpg",
        "channel_url": "http://opplextv.cyou:8080/live/naqeebkhan/naqeebkhan123/207200.ts"
    },
    
    {
        "channel_name": "Zee Anmol Cinema",
        "channel_logo": "https://pbs.twimg.com/profile_images/1682422987801395200/z2CV_4S8_400x400.jpg",
        "channel_url": "http://opplextv.cyou:8080/live/naqeebkhan/naqeebkhan123/66187.ts"
    },
    {
        "channel_name": "Zee Classic",
        "channel_logo": "https://starcabletvnetwork.com/wp-content/uploads/2024/05/zeeclassic_new-504x405-1.png",
        "channel_url": "http://opplextv.cyou:8080/live/naqeebkhan/naqeebkhan123/66201.ts"
    },

    {
        "channel_name": "Zee Bangla Cinema",
        "channel_logo": "https://upload.wikimedia.org/wikipedia/bn/1/16/%E0%A6%9C%E0%A6%BF_%E0%A6%AC%E0%A6%BE%E0%A6%82%E0%A6%B2%E0%A6%BE_%E0%A6%B8%E0%A6%BF%E0%A6%A8%E0%A7%87%E0%A6%AE%E0%A6%BE_%E0%A6%B2%E0%A7%8B%E0%A6%97%E0%A7%8B.jpg",
        "channel_url": "http://opplextv.cyou:8080/live/naqeebkhan/naqeebkhan123/245897.ts"
    }
    
]
